p_max,p_min,p_avg,p_std,vx_max,vx_min,vx_avg,vx_std,vy_max,vy_min,vy_avg,vy_std
1.0537262,-2.49744,-0.139240873,0.360085847,295.92245,-27.446018,98.22021867,27.17347675,192.1319,-119.62509,2.899636259,14.70666339
