,p_max,p_min,p_avg,p_std,p_var,p_mid,vx_max,vx_min,vx_avg,vx_std,vx_var,vx_mid,vy_max,vy_min,vy_avg,vy_std,vy_var,vy_mid
0,1.0537262,-2.49744,-0.139240873,0.360085847,0,0,295.92245,-27.446018,98.22021867,27.17347675,0,0,192.1319,-119.62509,2.899636259,14.70666339,0,0
