,mach,aoa
0,0.2634343033141187,2.5974734121087004
1,0.4573255052641592,4.120769570247645
2,0.4075156714124071,1.2829707578692369
3,0.1416740428453054,0.46871641431703454
4,0.3001747404031639,3.750162152805301
5,0.20639205147189538,4.811162624369244
6,0.10994999504488437,3.485853776799349
7,0.22867836002140052,2.0474173215914324
8,0.34395866555745075,1.8662545045543195
9,0.4903094839978891,0.9507446122408327
