,p_max,p_min,p_avg,p_std,p_var,p_mid,vx_max,vx_min,vx_avg,vx_std,vx_var,vx_mid,vy_max,vy_min,vy_avg,vy_std,vy_var,vy_mid
0,1.0537262,-2.49744,-0.221649127,0.410280127,0,0,295.92245,-11.812475,104.0983921,25.7246567,0,0,192.1319,-119.62509,5.795033549,16.61587769,0,0